{
    "private": true,
    "scripts": {
        "dev": "npm run development",
        "development": "cross-env NODE_ENV=development node_modules/webpack/bin/webpack.js --progress --config=node_modules/laravel-mix/setup/webpack.config.js",
        "watch": "npm run development -- --watch",
        "watch-poll": "npm run watch -- --watch-poll",
        "hot": "cross-env NODE_ENV=development node_modules/webpack-dev-server/bin/webpack-dev-server.js --inline --hot --disable-host-check --config=node_modules/laravel-mix/setup/webpack.config.js",
        "prod": "npm run production",
        "production": "cross-env NODE_ENV=production node_modules/webpack/bin/webpack.js --no-progress --config=node_modules/laravel-mix/setup/webpack.config.js"
    },
    "devDependencies": {
        "@inertiajs/inertia": "^0.8.2",
        "@inertiajs/inertia-vue": "^0.5.4",
        "@inertiajs/progress": "^0.2.4",
        "@tailwindcss/forms": "^0.2.1",
        "alpinejs": "^2.7.3",
        "autoprefixer": "^9.8.6",
        "axios": "^0.19",
        "cross-env": "^7.0",
        "laravel-mix": "^5.0.1",
        "lodash": "^4.17.19",
        "postcss-import": "^12.0.1",
        "resolve-url-loader": "^3.1.0",
        "tailwindcss": "npm:@tailwindcss/postcss7-compat@^2.0.1",
        "vue": "^2.6.12",
        "vue-template-compiler": "^2.6.12"
    },
    "dependencies": {}
}
